﻿REGION_NAME,PRODUCT_NAME,YEAR,REVENUE,COST_OF_PRODUCT,NET_REVENUE
Central,Product A,2020,159790000,105493903,54296097
Central,Product A,2021,67510000,41781410,25728590
Midwest,Product A,2020,159490000,105869689,53620311
Midwest,Product A,2021,69460000,43498631,25961369
Central,Prodcut B,2020,59320000,41024181,18295819
Midwest,Prodcut B,2020,58380000,40245239,18134761
Midwest,Prodcut B,2021,24040000,15614672,8425328
Central,Prodcut C,2021,6920000,4907375,2012625
Central,Prodcut B,2021,26350000,17002742,9347258
Midwest,Prodcut C,2021,7670000,5541195,2128805