﻿REGION_NAME,PRODUCT_NAME,YEAR,MONTH,REVENUE,COST_OF_PRODUCT,NET_REVENUE
Central,Product A,2020,1,15750000,11167312,4582688
Central,Product A,2020,2,14280000,10124908,4155092
Central,Product A,2020,3,14300000,9972268,4327732
Central,Product A,2020,4,11330000,7318156,4011844
Central,Product A,2020,5,13680000,8983200,4696800
Central,Product A,2020,6,13920000,9080321,4839679
Central,Product A,2020,7,11770000,7703291,4066709
Central,Product A,2020,8,11000000,7105002,3894998
Central,Product A,2020,9,13130000,8709173,4420827
Central,Product A,2020,10,10900000,6794271,4105729
Central,Product A,2020,11,15300000,9600954,5699046
Central,Product A,2020,12,14430000,8935047,5494953
Central,Product A,2021,1,16500000,10183085,6316915
Central,Product A,2021,4,15210000,9449484,5760516
Central,Product A,2021,5,10000000,6233271,3766729
Midwest,Product A,2020,1,11550000,8244468,3305532
Midwest,Product A,2020,3,12760000,9169848,3590152
Midwest,Product A,2020,4,13000000,8565166,4434834
Midwest,Product A,2020,6,10400000,6717306,3682694
Midwest,Product A,2020,7,12120000,8039176,4080824
Midwest,Product A,2020,11,11880000,7307773,4572227
Midwest,Product A,2020,12,11700000,7197069,4502931
Midwest,Product A,2021,1,13780000,8647254,5132746
Midwest,Product A,2021,4,11500000,7289821,4210179
Central,Prodcut B,2020,5,4500000,3157578,1342422
Central,Prodcut B,2020,9,5700000,3919959,1780041
Central,Prodcut B,2020,11,3680000,2340804,1339196
Central,Prodcut B,2021,2,5640000,3587448,2052552
Central,Prodcut B,2021,4,5940000,3841200,2098800
Midwest,Prodcut B,2020,1,6120000,4533320,1586680
Central,Prodcut C,2021,3,1400000,1003405,396595
Midwest,Product A,2020,8,14000000,9224131,4775869
Midwest,Product A,2021,5,13390000,8402471,4987529
Central,Prodcut B,2020,1,3800000,2833820,966180
Central,Prodcut B,2020,3,5670000,4144140,1525860
Central,Prodcut B,2020,6,6720000,4652325,2067675
Central,Prodcut B,2020,7,4500000,3157578,1342422
Central,Prodcut B,2021,3,5530000,3636724,1893276
Midwest,Prodcut B,2020,7,3550000,2457711,1092289
Midwest,Prodcut C,2021,5,2260000,1598310,661690
Central,Prodcut C,2021,5,2400000,1697425,702575
Midwest,Product A,2020,9,14040000,9250529,4789471
Central,Prodcut B,2021,1,5740000,3651080,2088920
Midwest,Prodcut B,2020,3,5940000,4298580,1641420
Midwest,Prodcut B,2020,4,4900000,3369753,1530247
Midwest,Prodcut B,2020,6,4250000,2942298,1307702
Midwest,Prodcut B,2020,9,6360000,4432698,1927302
Midwest,Prodcut B,2021,1,4850000,3178690,1671310
Midwest,Prodcut B,2021,3,3960000,2569336,1390664
Central,Product A,2021,3,11110000,6879356,4230644
Midwest,Product A,2020,2,17100000,12288792,4811208
Midwest,Product A,2020,10,14560000,8927006,5632994
Midwest,Product A,2021,3,16100000,10002256,6097744
Midwest,Prodcut B,2020,2,3920000,2903780,1016220
Midwest,Prodcut B,2020,5,4800000,3257766,1542234
Midwest,Prodcut B,2020,10,3700000,2384648,1315352
Midwest,Prodcut B,2020,11,4860000,3122042,1737958
Midwest,Prodcut B,2021,5,3880000,2542952,1337048
Midwest,Prodcut C,2021,3,2080000,1515965,564035
Midwest,Product A,2021,2,14690000,9156829,5533171
Central,Prodcut B,2020,8,4160000,2870469,1289531
Central,Prodcut B,2021,5,3500000,2286290,1213710
Central,Prodcut C,2021,4,3120000,2206545,913455
Midwest,Prodcut C,2021,4,3330000,2426920,903080
Midwest,Prodcut B,2021,4,5050000,3276660,1773340
Central,Prodcut B,2020,4,6000000,4195890,1804110
Central,Product A,2021,2,14690000,9036214,5653786
Central,Prodcut B,2020,2,3500000,2583900,916100
Central,Prodcut B,2020,10,6440000,4150630,2289370
Midwest,Prodcut B,2020,12,7140000,4556478,2583522
Midwest,Product A,2020,5,16380000,10938425,5441575
Midwest,Prodcut B,2021,2,6300000,4047034,2252966
Central,Prodcut B,2020,12,4650000,3017088,1632912
Midwest,Prodcut B,2020,8,2840000,1986165,853835